{
    "loss": 37.01729965209961,
    "accuracy": 0.5080385804176331
}